time,orifice1_Q,orifice1_fraction_open,pumpingstation1.pump1_discharge,pumpingstation1.pump1_head,pumpingstation1.pump1_power,pumpingstation1.pump1_speed,pumpingstation1.pump1_status,pumpingstation1_pump1_Q,sea_level,storage_level
2015-08-30 23:00:00,2.049201,0.645042,0.000000,-0.240000,0.000000,0.000000,0.000000,0.000000,-0.640000,-0.400000
2015-08-31 00:00:00,3.670809,1.000000,0.000000,-0.320437,0.000000,0.000000,0.000000,0.000000,-0.640000,-0.319563
2015-08-31 01:00:00,4.057625,1.000000,0.000000,-0.391528,0.000000,0.000000,0.000000,0.000000,-0.640000,-0.248472
2015-08-31 02:00:00,3.581297,1.000000,0.000000,-0.305000,0.000000,0.000000,0.000000,0.000000,-0.640000,-0.335000
2015-08-31 03:00:00,3.109143,1.000000,0.000000,-0.229880,0.000000,0.000000,0.000000,0.000000,-0.640000,-0.410120
2015-08-31 04:00:00,0.000000,0.000000,0.000000,1.910120,0.000000,0.000000,0.000000,0.000000,1.500000,-0.410120
2015-08-31 05:00:00,0.000000,0.000000,0.358409,1.918780,8475.699028,297.957307,1.000000,0.358409,1.500000,-0.418780
2015-08-31 06:00:00,0.000000,0.000000,0.469354,1.785154,10928.368358,331.446383,1.000000,0.469354,1.500000,-0.285154
2015-08-31 07:00:00,0.000000,0.000000,0.475584,1.690000,10648.746761,329.779803,1.000000,0.475584,1.490000,-0.200000
